chapter,subject,pages,weightage,key_formulas,detailed_notes,examples,practice_problems
"Electric Charges and Fields","Physics",16,5,"Coulomb's law: F = k(q1q2/r^2); Electric field: E = F/q; Gauss's law: phi = Qenc/e0; Electric flux: phi = E*A*cos(theta); Potential: V = kQ/r","Coulomb's law describes the electrostatic force between two point charges. The force is directly proportional to the product of the charges and inversely proportional to the square of the distance between them. Electric field is defined as the force per unit positive charge. Gauss's law states that the net electric flux through any closed surface is equal to the net charge enclosed divided by permittivity of free space. The superposition principle applies to both forces and fields from multiple charges. Electric field lines start at positive charges and end at negative charges. Conductors have free electrons that allow charge to move freely within them.","Example 1: Two charges of 2uC and -3uC are placed 0.5m apart. Find the force between them. Solution: F = 9x10^9 * (2x10^-6 * 3x10^-6)/(0.5)^2 = 0.216N attractive.; Example 2: Find electric field at a point 0.3m from a 4uC charge. Solution: E = 9x10^9 * 4x10^-6/(0.3)^2 = 4x10^5 N/C.; Example 3: A charge of 5uC is placed in a uniform electric field of 2x10^4 N/C. Find the force. Solution: F = qE = 5x10^-6 * 2x10^4 = 0.1N.","Problem 1: Two charges 3uC and 6uC are placed 0.2m apart in air. Calculate the Coulomb force between them.; Problem 2: An electric dipole of dipole moment 4x10^-9 Cm is placed in a uniform electric field of 5x10^4 N/C. Find the torque when dipole is at 30 degrees to the field.; Problem 3: A sphere of radius 0.1m has a charge of 2uC uniformly distributed. Find electric field at a point 0.05m from the center."
"Electrostatic Potential and Capacitance","Physics",14,6,"Potential: V = kQ/r; Work: W = q*V; Capacitance: C = Q/V; Parallel plate: C = e0A/d; Energy in capacitor: U = 1/2*C*V^2; Series: 1/Ceq = 1/C1+1/C2; Parallel: Ceq = C1+C2","Electrostatic potential is the work done in bringing a unit positive charge from infinity to a point in an electric field. Equipotential surfaces are surfaces where potential is constant at all points. The potential difference between two points is the work done in moving a unit charge between them. Capacitance measures a conductor's ability to store charge. A parallel plate capacitor consists of two conducting plates separated by a dielectric. Dielectric constant is the ratio of permittivity of the medium to permittivity of free space. Capacitors in series have same charge but different voltages, while parallel capacitors have same voltage but different charges.","Example 1: Find potential at 0.2m from a 3uC charge. Solution: V = 9x10^9*3x10^-6/0.2 = 1.35x10^5 V.; Example 2: A 10uF capacitor is charged to 50V. Find stored energy. Solution: U = 1/2*10x10^-6*2500 = 0.0125 J.; Example 3: Two capacitors 4uF and 6uF are connected in series. Find equivalent capacitance. Solution: Ceq = (4*6)/(4+6) = 2.4uF.","Problem 1: A parallel plate capacitor has plates of area 0.5 m^2 separated by 2mm. Find its capacitance.; Problem 2: A 12uF capacitor is charged to 100V and then connected to an uncharged 8uF capacitor. Find the common potential.; Problem 3: Three capacitors 2uF, 3uF and 5uF are connected in series across 200V. Find charge on each capacitor."
"Current Electricity","Physics",12,5,"Ohm's law: V = IR; Resistivity: R = rho*L/A; Power: P = VI = I^2R = V^2/R; Kirchhoff's laws: sum I = 0, sum V = 0; Resistance in series: R = R1+R2+...; Resistance in parallel: 1/R = 1/R1+1/R2+...; EMF: epsilon = I(R+r)","Electric current is the rate of flow of charge through a conductor. Ohm's law states that current through a conductor is directly proportional to the potential difference across its ends at constant temperature. Resistivity is a material property that determines resistance. Conductors have low resistivity while insulators have high resistivity. Kirchhoff's junction rule states that sum of currents entering a junction equals sum leaving it. Kirchhoff's loop rule states that sum of potential changes around any closed loop is zero. The Wheatstone bridge is a circuit used to measure unknown resistance. Meter bridge works on the same principle. Potentiometer compares EMFs of cells.","Example 1: A wire of resistance 5 Ohm carries 2A current. Find voltage across it. Solution: V = IR = 2*5 = 10V.; Example 2: Find equivalent resistance of 2 Ohm and 3 Ohm in parallel. Solution: R = (2*3)/(2+3) = 1.2 Ohm.; Example 3: A 12V battery with internal resistance 1 Ohm is connected to a 5 Ohm load. Find current. Solution: I = 12/(5+1) = 2A.","Problem 1: A copper wire of length 2m and cross-sectional area 1mm^2 has resistivity 1.7x10^-8 Ohm-m. Find its resistance.; Problem 2: Find power dissipated when a 6 Ohm resistor carries 3A current.; Problem 3: In a Wheatstone bridge, P=10 Ohm, Q=20 Ohm, S=15 Ohm find R for balance."
"Magnetism and Matter","Physics",10,3,"Magnetic moment: m = IA; Torque: tau = mBsin(theta); Magnetic field due to bar magnet: B = u0/4pi * 2m/r^3; Earth's magnetic field: about 0.3 to 0.6 G; Magnetic susceptibility: X = M/H","Magnetism originates from moving charges and intrinsic magnetic moments of elementary particles. A bar magnet has north and south poles. Unlike electric charges, magnetic poles always exist in pairs. The magnetic dipole moment of a current loop is the product of current and area. Earth behaves like a giant magnet with magnetic south near geographic north. Magnetic declination is the angle between geographic and magnetic meridians. Magnetic dip or inclination is the angle made by Earth's total magnetic field with the horizontal. Ferromagnetic materials have high susceptibility and can be permanently magnetized. Diamagnetic materials have negative susceptibility and are weakly repelled by magnets.","Example 1: A circular coil of radius 0.1m carrying 5A has 100 turns. Find magnetic moment. Solution: m = NIA = 100*5*3.14*(0.1)^2 = 15.7 A-m^2.; Example 2: A bar magnet of moment 2 A-m^2 is placed at 60 degrees to a uniform field of 0.5T. Find torque. Solution: tau = 2*0.5*sin60 = 0.866 Nm.; Example 3: At a point on the axis of a bar magnet, B = 4x10^-5 T at 0.2m from center. Find magnetic moment. Solution: Using B = u0/4pi * 2m/r^3, m = (B*r^3*4pi)/(2*u0).","Problem 1: A bar magnet of magnetic moment 5 A-m^2 is placed in a uniform magnetic field of 0.3T. Find the work done to rotate it from 0 to 60 degrees.; Problem 2: At a point on the equatorial line of a bar magnet, the magnetic field is 2x10^-5 T. If the distance from center is 0.3m, find the magnetic moment.; Problem 3: The earth's magnetic field at a place is 0.4G and angle of dip is 30 degrees. Find horizontal and vertical components."
"Solutions","Chemistry",12,5,"Molarity: M = n/V(L); Molality: m = n/kg(solvent); Mole fraction: XA = nA/(nA+nB); Raoult's law: P = XA*P0A + XB*P0B; Henry's law: p = KH*x; Colligative properties: DeltaTb = Kb*m; DeltaTf = Kf*m; pi = i*CRT","A solution is a homogeneous mixture of two or more substances. The component present in larger amount is the solvent and the smaller is the solute. Concentration can be expressed in various ways including molarity, molality, and mole fraction. Raoult's law states that vapor pressure of a solution is proportional to mole fraction of solvent. Ideal solutions obey Raoult's law at all concentrations. Non-ideal solutions show positive or negative deviations. Colligative properties depend only on the number of solute particles, not their identity. These include vapor pressure lowering, boiling point elevation, freezing point depression, and osmotic pressure. Van't Hoff factor accounts for dissociation or association of solutes.","Example 1: Find molarity of solution containing 4g NaOH in 500mL solution. Solution: M = (4/40)/0.5 = 0.2M.; Example 2: Calculate molality of solution with 10g glucose in 250g water. Solution: m = (10/180)/0.25 = 0.222m.; Example 3: Find freezing point depression when 6g urea (MW=60) is dissolved in 200g water. Kf=1.86. Solution: m = (6/60)/0.2 = 0.5; DeltaTf = 1.86*0.5 = 0.93K.","Problem 1: 12g of a non-electrolyte dissolved in 100g water gives freezing point depression of 2.48K. Kf=1.86. Find molar mass of solute.; Problem 2: Vapor pressure of pure water at 25C is 23.8mmHg. Find vapor pressure of solution containing 15g urea in 180g water.; Problem 3: A solution of 5g NaCl in 250g water boils at 100.35C. Kb=0.52. Find van't Hoff factor."
"Electrochemistry","Chemistry",14,6,"Faraday's law: m = ZIt; Nernst equation: E = E0 - (RT/nF)lnQ; Gibbs free energy: DeltaG = -nFE; Conductivity: k = 1/rho; Molar conductivity: Lm = k/C; Kohlrausch's law: L0m = u+L0+ + u-L0-","Electrochemistry deals with the interconversion of chemical and electrical energy. Electrochemical cells convert chemical energy to electrical energy. Electrolytic cells use electrical energy for chemical reactions. Faraday's first law states that mass deposited is proportional to charge passed. Faraday's second law states that masses of different substances deposited by same charge are proportional to their equivalent masses. Standard electrode potential is the potential of an electrode under standard conditions. The Nernst equation relates cell potential to concentrations. The electrochemical series arranges elements in order of their standard reduction potentials. Conductance is the measure of how easily current flows through an electrolyte.","Example 1: Find mass of copper deposited by 2A current for 30 minutes. Z for Cu = 3.3x10^-4 g/C. Solution: m = 3.3x10^-4 * 2 * 1800 = 1.188g.; Example 2: Calculate EMF of cell Zn|Zn2+(0.1M)||Cu2+(0.5M)|Cu. E0Zn = -0.76V, E0Cu = 0.34V. Solution: Ecell = 1.1 - (0.059/2)log(0.1/0.5).; Example 3: Find DeltaG for the reaction where n=2 and E=1.1V. Solution: DeltaG = -2*96500*1.1 = -212300 J.","Problem 1: A current of 5A is passed through AgNO3 solution for 40 minutes. Calculate mass of silver deposited. Z for Ag = 1.118x10^-3 g/C.; Problem 2: Calculate EMF of cell Fe|Fe2+(0.01M)||Ag+(0.1M)|Ag. E0Fe2+/Fe = -0.44V, E0Ag+/Ag = 0.80V.; Problem 3: Conductivity of 0.1M KCl solution is 1.29 S/m. Find its molar conductivity."
"Chemical Kinetics","Chemistry",12,4,"Rate law: Rate = k[A]^m[B]^n; First order: k = (2.303/t)log(A0/A); Half-life: t1/2 = 0.693/k (first order); Arrhenius equation: k = Ae^(-Ea/RT); Activation energy: log(k2/k1) = Ea/(2.303R)*(1/T1-1/T2)","Chemical kinetics studies the rates of chemical reactions and the factors affecting them. The rate of reaction is the change in concentration per unit time. Rate law expresses rate as a function of concentration of reactants. The order of reaction is the sum of exponents in the rate law. Molecularity is the number of molecules participating in the elementary step. For first order reactions, half-life is constant and independent of initial concentration. Temperature dependence is given by the Arrhenius equation. Activation energy is the minimum energy required for a reaction to occur. Catalysts lower activation energy and increase reaction rate. Collision theory states that molecules must collide with sufficient energy and proper orientation to react.","Example 1: Half-life of a first order reaction is 20 min. Find rate constant. Solution: k = 0.693/20 = 0.03465 min^-1.; Example 2: A first order reaction is 50% complete in 30 min. Find time for 90% completion. Solution: k = 0.693/30 = 0.0231. For 90%, t = (2.303/0.0231)log(100/10) = 99.7 min.; Example 3: At 300K and 310K, rate constants are 2x10^-3 and 8x10^-3 s^-1. Find Ea. Solution: log(8/2) = Ea/(2.303*8.314)*(1/300-1/310).","Problem 1: The rate constant of a reaction is 0.05 s^-1 at 300K and activation energy is 50 kJ/mol. Find rate constant at 320K.; Problem 2: For a first order reaction, initial concentration is 0.5M and after 40 min it is 0.1M. Find rate constant and half-life.; Problem 3: The half-life of a first order reaction is 69.3 s. Find time for 75% completion."
"Relations and Functions","Mathematics",12,4,"Reflexive: aRa for all a; Symmetric: if aRb then bRa; Transitive: if aRb and bRc then aRc; Equivalence: reflexive + symmetric + transitive; Function: f:A->B; Domain: set of inputs; Range: set of outputs; Injective: one-to-one; Surjective: onto; Bijective: one-to-one and onto","Relations and functions form the foundation of higher mathematics. A relation from set A to set B is a subset of A x B. Relations can be reflexive, symmetric, transitive, or equivalence. An equivalence relation partitions the set into disjoint equivalence classes. A function is a special relation where each input has exactly one output. One-to-one functions map distinct inputs to distinct outputs. Onto functions cover the entire codomain. Composite functions combine two or more functions. The inverse of a function exists only if the function is bijective. Binary operations combine two elements to produce a third element within the same set.","Example 1: Check if R = {(1,1),(2,2),(3,3),(1,2),(2,1)} on A = {1,2,3} is an equivalence relation. Solution: Reflexive yes. Symmetric yes. Transitive: since (1,2) and (2,1) need (1,1) yes. Not transitive because... Actually it is an equivalence relation.; Example 2: If f(x)=x^2 and g(x)=2x+1 find fog(x). Solution: fog(x) = f(g(x)) = (2x+1)^2 = 4x^2+4x+1.; Example 3: Check if f:R->R given by f(x)=2x+3 is bijective. Solution: Injective: if 2x1+3 = 2x2+3 then x1=x2. Surjective: for any y, x=(y-3)/2 exists. So bijective.","Problem 1: Let A = {1,2,3} and R = {(1,1),(2,2),(3,3),(1,2)}. Is R reflexive, symmetric, transitive?; Problem 2: If f:R->R, f(x)=x^3, prove that f is bijective.; Problem 3: Let f(x)=x+5 and g(x)=x^2. Find gof and fog."
"Matrices","Mathematics",10,4,"Order: m x n; Addition: A+B = [aij+bij]; Multiplication: (AB)ij = sum(aik*bkj); Transpose: (AT)ij = Aji; Symmetric: AT = A; Skew-symmetric: AT = -A; Determinant of 2x2: ad-bc; Inverse: A^-1 = adj(A)/det(A)","A matrix is a rectangular array of numbers arranged in rows and columns. Matrices are used to solve systems of linear equations and represent transformations. The order of a matrix is rows x columns. Matrix addition requires same order and is commutative. Matrix multiplication is not commutative. The transpose of a matrix interchanges rows and columns. A symmetric matrix equals its transpose. A skew-symmetric matrix equals negative of its transpose. The determinant is a scalar value computed from a square matrix. The inverse of a matrix exists only if determinant is non-zero. Elementary row operations can be used to find inverse and solve equations.","Example 1: Find AB if A=[1 2;3 4] and B=[5 6;7 8]. Solution: AB = [1*5+2*7 1*6+2*8; 3*5+4*7 3*6+4*8] = [19 22;43 50].; Example 2: Find determinant of [2 3;4 5]. Solution: det = 2*5-3*4 = 10-12 = -2.; Example 3: Find inverse of [2 1;5 3]. Solution: det = 6-5=1. adj = [3 -1;-5 2]. A^-1 = [3 -1;-5 2].;","Problem 1: Find X if 2X + [3 4;5 6] = [11 12;13 14].; Problem 2: Show that A = [1 2;2 4] is singular.; Problem 3: Find A^-1 for A = [3 1;2 4] and verify AA^-1 = I."
"Continuity and Differentiability","Mathematics",15,6,"Continuity: lim(x->a) f(x) = f(a); Derivative: f'(x) = lim(h->0) (f(x+h)-f(x))/h; Chain rule: dy/dx = dy/du * du/dx; Product rule: d(uv)/dx = u*dv/dx + v*du/dx; Quotient rule: d(u/v)/dx = (v*du/dx - u*dv/dx)/v^2; Rolle's theorem: f'(c) = 0; Lagrange's MVT: f'(c) = (f(b)-f(a))/(b-a)","Continuity is a fundamental concept in calculus. A function is continuous at a point if the left-hand limit equals right-hand limit equals the function value. Differentiability implies continuity but the converse is not true. The derivative represents the instantaneous rate of change. The chain rule is used to differentiate composite functions. The product rule differentiates products of functions. The quotient rule differentiates quotients. Rolle's theorem states that if function is zero at endpoints, there is a point where derivative is zero. The Mean Value Theorem relates average rate of change to instantaneous rate at some point. Exponential and logarithmic functions have special differentiation rules.","Example 1: Is f(x)=|x| continuous at x=0? Solution: LHL=0, RHL=0, f(0)=0. Yes. Is it differentiable? LHD=-1, RHD=1. Not differentiable.; Example 2: If y=sin(2x+3), find dy/dx. Solution: dy/dx = cos(2x+3)*2 = 2cos(2x+3).; Example 3: Find dy/dx if y=x^2*e^x. Solution: dy/dx = 2x*e^x + x^2*e^x = xe^x(2+x).","Problem 1: Check continuity of f(x)=x^2sin(1/x) for x!=0 and f(0)=0 at x=0.; Problem 2: If y=ln(sin(x)), find dy/dx.; Problem 3: Verify Rolle's theorem for f(x)=x^2-4x+3 in [1,3]."
"Integrals","Mathematics",18,7,"Integration by parts: int(uv)dx = u*int(v)dx - int(u'*int(v)dx)dx; Substitution: int(f(g(x))*g'(x))dx = int(f(u))du; Basic: int(x^n)dx = x^(n+1)/(n+1) + C; int(e^x)dx = e^x + C; int(1/x)dx = ln|x| + C; Definite: int(a,b) f(x)dx = F(b)-F(a)","Integration is the inverse process of differentiation. The indefinite integral represents a family of functions. The definite integral gives the area under the curve between two limits. The fundamental theorem of calculus links differentiation and integration. Integration by substitution simplifies integrals by changing variables. Integration by parts handles products of functions. Partial fractions decompose rational functions into simpler fractions. Definite integrals have properties like reversal of limits and additivity over intervals. The area between curves can be found using definite integrals. Improper integrals have infinite limits or infinite discontinuities.","Example 1: Find int(x^2 + 3x + 1)dx. Solution: = x^3/3 + 3x^2/2 + x + C.; Example 2: Evaluate int(0,1) x^2*dx. Solution: = [x^3/3](0,1) = 1/3.; Example 3: Find int(x*e^x)dx using parts. Solution: Let u=x, dv=e^x dx. Then = x*e^x - int(e^x)dx = x*e^x - e^x + C = e^x(x-1)+C.","Problem 1: Evaluate int(0,pi/2) sin(x)dx.; Problem 2: Find int(x*sin(x))dx using integration by parts.; Problem 3: Find area bounded by y=x^2 and y=x."
"Reproduction in Organisms","Biology",8,3,"Asexual reproduction: binary fission, budding, fragmentation, spore formation; Sexual reproduction: involves male and female gametes; Fertilization: fusion of gametes; Meiosis: reduction division (2n to n); Mitosis: equational division (2n to 2n)","Reproduction is a biological process by which organisms produce offspring. Asexual reproduction involves a single parent and produces genetically identical offspring. Binary fission occurs in bacteria and amoeba. Budding is seen in hydra and yeast. Fragmentation occurs in spirogyra and planaria. Sexual reproduction involves two parents and produces genetically diverse offspring. The male gamete is called sperm and female is called egg or ovum. Fertilization is the fusion of male and female gametes. External fertilization occurs in water bodies in fish and amphibians. Internal fertilization occurs inside the female body in reptiles, birds, and mammals.","Example 1: In Hydra, asexual reproduction occurs through budding where a small outgrowth grows and detaches.; Example 2: In Spirogyra, fragmentation occurs when filaments break into smaller pieces that grow into new filaments.; Example 3: In frogs, external fertilization occurs in water where eggs and sperms are released simultaneously.","Problem 1: Differentiate between asexual and sexual reproduction with examples.; Problem 2: Why is sexual reproduction considered more advantageous than asexual reproduction?; Problem 3: Name the type of reproduction in: a) Amoeba b) Yeast c) Planaria d) Flowering plants."
"Principles of Inheritance and Variation","Biology",16,7,"Mendel's laws: Law of dominance, Law of segregation, Law of independent assortment; Monohybrid cross ratio: 3:1; Dihybrid cross ratio: 9:3:3:1; Incomplete dominance: 1:2:1; Test cross ratio: 1:1; Probability of inheritance: P = (1/2)^n","Genetics is the study of inheritance and variation. Gregor Mendel conducted experiments on pea plants with seven contrasting traits. The law of dominance states that one factor masks the other. The law of segregation states that alleles separate during gamete formation. The law of independent assortment states that genes for different traits assort independently. A monohybrid cross involves one trait and gives 3:1 ratio in F2. A dihybrid cross involves two traits and gives 9:3:3:1 ratio. Incomplete dominance shows blending in heterozygotes. Co-dominance shows both alleles expressed. Multiple alleles exist for some traits like blood groups.","Example 1: In pea, tall(T) is dominant over dwarf(t). TT x tt gives all Tt (tall) in F1. Selfing gives 3 tall:1 dwarf in F2.; Example 2: In snapdragon, RR (red) x rr (white) gives all Rr (pink) in F1. Selfing gives 1 red:2 pink:1 white.; Example 3: A man with blood group A (IAi) marries a woman with blood group B (IBi). Possible children: IAIB(AB), IAi(A), IBi(B), ii(O) in 1:1:1:1 ratio.","Problem 1: In pea, yellow(Y) dominant over green(y) and round(R) dominant over wrinkled(r). A YyRr plant is selfed. Find probability of yellow wrinkled seeds.; Problem 2: In humans, albinism is recessive. Two normal parents have an albino child. What is the probability their next child is normal?; Problem 3: A cross between red and white flowered Mirabilis gives pink F1. Explain with Punnett square."
"Molecular Basis of Inheritance","Biology",18,8,"Central dogma: DNA->RNA->Protein; Chargaff's rule: A=T, G=C; DNA replication: semi-conservative; Transcription: DNA->mRNA; Translation: mRNA->Protein; Genetic code: triplet codons, 64 codons, 20 amino acids; DNA polymerase: adds nucleotides 5' to 3'; RNA polymerase: synthesizes RNA","DNA is the genetic material in most organisms. The DNA double helix consists of two complementary strands held by hydrogen bonds. Chargaff's rule states that A equals T and G equals C. DNA replication is semi-conservative where each daughter molecule gets one parent strand and one new strand. Transcription is the synthesis of RNA from DNA template. Translation converts mRNA sequence into protein. The genetic code is triplet, unambiguous, degenerate, and universal. Mutations are changes in DNA sequence that can be point mutations or frameshift mutations. Gene regulation in prokaryotes is explained by the lac operon model. Human genome project mapped all human genes.","Example 1: If a DNA strand has sequence ATGCCGTA, find complementary strand. Solution: TACGGCAT.; Example 2: A gene has 300 base pairs. Find number of amino acids in the protein. Solution: 300/3 = 100 codons excluding stop = 99 amino acids.; Example 3: In Meselson and Stahl experiment, after one generation in N14, hybrid DNA (N15-N14) was observed, supporting semi-conservative replication.","Problem 1: A segment of DNA has 20% adenine. Find percentage of guanine.; Problem 2: If mRNA has sequence AUGCCGUAA, find the amino acid sequence using genetic code table.; Problem 3: Explain why DNA replication is called semi-conservative with reference to the Meselson-Stahl experiment."
"Biomolecules","Biology",10,4,"Proteins: polymers of amino acids; Carbohydrates: Cn(H2O)n; Lipids: glycerol + fatty acids; Nucleic acids: nucleotides; Enzymes: biological catalysts; Michaelis-Menten: V = Vmax[S]/(Km+[S]); Lock and key model: substrate fits active site","Biomolecules are organic molecules essential for life. Carbohydrates include monosaccharides like glucose, disaccharides like sucrose, and polysaccharides like starch and cellulose. Proteins are polymers of amino acids linked by peptide bonds. The primary structure is the sequence of amino acids. Secondary structure includes alpha-helices and beta-sheets. Tertiary structure is 3D folding. Quaternary structure involves multiple subunits. Lipids are hydrophobic molecules including fats, oils, and phospholipids. Nucleic acids DNA and RNA store and transmit genetic information. Enzymes are biological catalysts that lower activation energy. Factors affecting enzyme activity include temperature, pH, and substrate concentration.","Example 1: Sucrose (C12H22O11) on hydrolysis gives glucose (C6H12O6) and fructose (C6H12O6).; Example 2: Enzymes like amylase break down starch into maltose in the mouth.; Example 3: Lock and key hypothesis: The substrate fits into the active site of the enzyme like a key fits into a lock.","Problem 1: Differentiate between DNA and RNA in terms of structure and function.; Problem 2: Explain how temperature affects enzyme activity with a graph.; Problem 3: A polysaccharide gives only glucose on hydrolysis. Identify it and describe its structure."
"Haloalkanes and Haloarenes","Chemistry",12,5,"SN1 reaction: rate depends on substrate only; SN2 reaction: rate depends on substrate and nucleophile; E1 elimination: carbocation intermediate; E2 elimination: concerted; Grignard reagent: R-Mg-X; Wurtz reaction: 2R-X + 2Na -> R-R + 2NaX","Haloalkanes are compounds where halogen replaces hydrogen in alkanes. Haloarenes have halogen attached to aromatic ring. IUPAC naming uses fluoro, chloro, bromo, iodo as prefixes. Haloalkanes are classified as primary, secondary, or tertiary. SN1 reactions proceed through carbocation intermediate and favor tertiary substrates. SN2 reactions have backside attack and favor primary substrates. Elimination reactions produce alkenes. Haloarenes undergo nucleophilic substitution only under drastic conditions due to resonance stabilization. Grignard reagents are important organometallic compounds used in organic synthesis. Polyhalogen compounds include DDT, chloroform, and carbon tetrachloride.","Example 1: Convert ethanol to ethyl chloride. Solution: C2H5OH + SOCl2 -> C2H5Cl + SO2 + HCl.; Example 2: Write product of SN2 reaction of CH3-Br with OH-. Solution: CH3-OH + Br-.; Example 3: Predict product: C6H5-Cl + NaOH (at 623K, 300atm). Solution: C6H5-OH (phenol).","Problem 1: Arrange CH3Br, (CH3)2CHBr, (CH3)3CBr in increasing order of SN2 reactivity.; Problem 2: Complete: CH3CH2Br + KOH(aq) -> ?; CH3CH2Br + KOH(alc) -> ?; Problem 3: Why are haloarenes less reactive than haloalkanes towards nucleophilic substitution?"
"Aldehydes, Ketones and Carboxylic Acids","Chemistry",16,6,"Carbonyl: C=O; Aldehyde: R-CHO; Ketone: R-CO-R'; Carboxylic acid: R-COOH; Nucleophilic addition: attack by Nu- on C=O; Cannizzaro reaction: 2HCHO -> HCOOH + CH3OH; Haloform reaction: CH3CO-R -> CHX3 + RCOO-; Wolff-Kishner: C=O -> CH2; Clemmensen: C=O -> CH2","Carbonyl compounds contain a carbon-oxygen double bond. Aldehydes have at least one hydrogen attached to carbonyl carbon. Ketones have two alkyl or aryl groups. Aldehydes are more reactive than ketones towards nucleophilic addition. Formaldehyde is a gas while other aldehydes are liquids. The carbonyl carbon is electrophilic due to polarity. Carboxylic acids contain the carboxyl group -COOH. They are acidic due to resonance stabilization of the conjugate base. Carboxylic acids form dimers through hydrogen bonding. Derivatives include acid chlorides, esters, amides, and anhydrides. Reduction of carbonyl compounds produces alcohols.","Example 1: Identify product: CH3CHO + HCN -> ?. Solution: CH3CH(OH)CN (cyanohydrin).; Example 2: Write product of Cannizzaro reaction of formaldehyde. Solution: HCHO + HCHO -> HCOOH + CH3OH.; Example 3: Convert benzoic acid to benzaldehyde. Solution: C6H5COOH -> SOCl2 -> C6H5COCl -> H2/Pd-BaSO4 -> C6H5CHO (Rosenmund reduction).","Problem 1: How will you convert ethanol to acetaldehyde?; Problem 2: Distinguish between aldehydes and ketones using a chemical test.; Problem 3: Complete: CH3CHO + NH2NH2/KOH -> ?; C6H5CHO + conc. KOH -> ?"
"Sexual Reproduction in Flowering Plants","Biology",12,5,"Male gametophyte: pollen grain; Female gametophyte: embryo sac; Microsporogenesis: formation of pollen; Megasporogenesis: formation of embryo sac; Pollination: transfer of pollen to stigma; Double fertilization: one sperm + egg, one sperm + polar nuclei; Endosperm: 3n tissue; Seed: fertilized ovule","Flowering plants reproduce sexually through flowers. The male reproductive organ is the stamen consisting of anther and filament. The female reproductive organ is the pistil consisting of stigma, style, and ovary. Microsporogenesis produces pollen grains in anther locules. Each pollen grain has two cells: vegetative and generative. Megasporogenesis produces the embryo sac in the ovule. Pollination can be self or cross. Agents of pollination include wind, water, insects, and birds. After pollination, the pollen grain germinates on stigma and the pollen tube grows through style. Double fertilization is unique to angiosperms where one sperm fertilizes the egg and the other fuses with polar nuclei. The endosperm provides nutrition to the developing embryo.","Example 1: In hibiscus, pollination occurs when pollen from anther lands on the same flower's stigma (self-pollination).; Example 2: In maize, pollen is carried by wind from tassels to silks (wind pollination).; Example 3: In orchids, flowers mimic female insects to attract male insects for pollination.","Problem 1: Explain the process of double fertilization in angiosperms.; Problem 2: Differentiate between self-pollination and cross-pollination.; Problem 3: Describe the structure of a mature embryo sac with a labeled diagram."
"Coordination Compounds","Chemistry",14,5,"Werner's theory: primary and secondary valencies; Crystal field theory: splitting of d-orbitals; CFSE: Crystal Field Stabilization Energy; CO for Octahedral: low spin if delta > P, high spin if delta < P; Formula: [ML6]n+; Coordination number: 6 for octahedral, 4 for tetrahedral/square planar; Isomerism: geometrical and optical","Coordination compounds consist of a central metal atom or ion surrounded by ligands. Ligands are molecules or ions that donate electron pairs to the metal. The coordination number is the number of ligand atoms directly bonded to the metal. Werner's theory explained bonding through primary and secondary valencies. Chelating ligands form rings with the metal ion. Crystal field theory explains color and magnetic properties. Strong field ligands cause large splitting and favor low spin complexes. Weak field ligands cause small splitting and favor high spin complexes. Coordination compounds exhibit structural and stereoisomerism. Applications include extraction of metals, biological systems, and medicinal chemistry.","Example 1: Write formula for hexaamminecobalt(III) chloride. Solution: [Co(NH3)6]Cl3.; Example 2: Find oxidation state of Co in [Co(NH3)6]Cl3. Solution: Co + 0 = +3 so Co(III).; Example 3: Which is more stable: [Fe(CN)6]4- or [Fe(H2O)6]2+? Solution: CN- is strong field ligand, so [Fe(CN)6]4- is low spin and more stable.","Problem 1: Write IUPAC name of K3[Fe(CN)6].; Problem 2: Distinguish between low spin and high spin complexes with examples.; Problem 3: Explain geometrical isomerism in [Pt(NH3)2Cl2]."
"Three Dimensional Geometry","Mathematics",14,5,"Direction cosines: l^2+m^2+n^2 = 1; Equation of line: (x-x1)/a = (y-y1)/b = (z-z1)/c; Angle between lines: cos(theta) = (a1a2+b1b2+c1c2)/(sqrt(a1^2+b1^2+c1^2)*sqrt(a2^2+b2^2+c2^2)); Distance from point to plane: |Ax0+By0+Cz0+D|/sqrt(A^2+B^2+C^2); Skew lines: lines that do not intersect and are not parallel","Three-dimensional geometry extends coordinate geometry to three dimensions. A point in space is represented by (x,y,z). Direction cosines are cosines of angles made by a line with coordinate axes. Direction ratios are numbers proportional to direction cosines. The angle between two lines can be found using direction ratios. A plane is defined by first degree equation in x, y, z. The intercept form of plane is x/a + y/b + z/c = 1. Distance from a point to a plane uses the perpendicular distance formula. Skew lines are non-parallel, non-intersecting lines. The shortest distance between skew lines is measured perpendicular to both.","Example 1: Find direction cosines of line through (1,2,3) and (4,5,6). Solution: DR = (3,3,3), DC = (3/sqrt(27), 3/sqrt(27), 3/sqrt(27)) = (1/sqrt(3), 1/sqrt(3), 1/sqrt(3)).; Example 2: Find angle between lines with DR (1,2,3) and (2,-1,1). Solution: cos(theta) = |(2-2+3)/(sqrt(14)*sqrt(6))| = 3/sqrt(84).; Example 3: Find distance of point (1,2,3) from plane x+y+z=6. Solution: d = |1+2+3-6|/sqrt(3) = 0, so point lies on plane.","Problem 1: Find equation of plane passing through (1,2,3), (2,3,4) and (0,5,6).; Problem 2: Find the shortest distance between lines (x-1)/2 = (y-2)/3 = (z-3)/4 and (x-2)/3 = (y-3)/4 = (z-4)/5.; Problem 3: Find the angle between the line (x-1)/2 = y/3 = (z+3)/6 and the plane 2x+y-z=5."
"Probability","Mathematics",16,6,"P(A) = n(A)/n(S); P(A or B) = P(A) + P(B) - P(A and B); P(A and B) = P(A)*P(B) if independent; Bayes theorem: P(A|B) = P(B|A)*P(A)/P(B); Random variable: X takes values with probabilities; Mean: E(X) = sum(xi*pi); Variance: V(X) = E(X^2) - (E(X))^2; Binomial: P(X=r) = nCr * p^r * q^(n-r)","Probability measures the likelihood of an event occurring. Sample space is the set of all possible outcomes. An event is a subset of the sample space. The probability of an event ranges from 0 to 1. Conditional probability is probability of one event given that another has occurred. Independent events have no effect on each other's probability. Bayes theorem updates probability based on new information. Random variables assign numerical values to outcomes. Probability distributions describe the behavior of random variables. The binomial distribution applies to experiments with two outcomes repeated n times. Bernoulli trials are independent with constant probability of success. The mean of binomial is np and variance is npq.","Example 1: A coin tossed 3 times. Find P(exactly 2 heads). Solution: Total = 8. Favorable: HHT, HTH, THH = 3. P = 3/8.; Example 2: For binomial with n=5, p=0.2, find P(X=2). Solution: P = C(5,2)*(0.2)^2*(0.8)^3 = 10*0.04*0.512 = 0.2048.; Example 3: In a class, 60% are boys. Probability a boy is taller than 5.5ft is 0.3 and a girl is 0.1. Find probability a randomly selected student is taller than 5.5ft.","Problem 1: A die is rolled twice. Find probability that sum is 7.; Problem 2: A bag has 3 red, 4 white, 5 black balls. Three balls are drawn without replacement. Find probability all are red.; Problem 3: In a factory, machine A produces 40% items with 2% defective, machine B produces 60% with 3% defective. If an item is defective, find probability it came from machine A."
"Biotechnology: Principles and Processes","Biology",10,5,"Restriction enzymes: cut DNA at specific sites; DNA ligase: joins DNA fragments; Vector: plasmid, bacteriophage; PCR: Denaturation (94C) -> Annealing (55C) -> Extension (72C) for 30 cycles; rDNA technology: insert gene into vector -> transform host; Gel electrophoresis: separates DNA by size","Biotechnology uses living organisms to produce useful products. Genetic engineering involves manipulation of DNA. Restriction endonucleases cut DNA at specific recognition sites producing sticky or blunt ends. DNA ligase joins DNA fragments together. Plasmids are extrachromosomal circular DNA in bacteria used as vectors. Competent cells can take up foreign DNA. Polymerase Chain Reaction amplifies specific DNA sequences exponentially. Each PCR cycle doubles the DNA amount. Gel electrophoresis separates DNA fragments by size under electric field. Downstream processing includes separation, purification, and formulation of the product. Bioreactors provide optimal conditions for large-scale production.","Example 1: EcoRI recognizes GAATTC and cuts between G and A producing sticky ends.; Example 2: PCR starting with 1 DNA molecule after 30 cycles gives 2^30 = 1.07 billion copies.; Example 3: In gel electrophoresis, smaller DNA fragments move faster and farther than larger fragments.","Problem 1: Explain the role of restriction enzymes and DNA ligase in rDNA technology.; Problem 2: Describe the steps of PCR and its applications.; Problem 3: What is a vector? Explain the features of an ideal cloning vector."
